ชื่อสถานประกอบการ(ภาษาไทย),ชื่อสถานประกอบการ(ภาษาอังกฤษ),ที่ตั้ง,จังหวัด,สายการเรียน,ประเภทของสถานประกอบการ,ความร่วมมือ,ช่องทางการติดต่อ,เบอร์โทร,อีเมล,Social Media,Social media(line),website,ตำแหน่งที่ฝึก,Benefit,รายละเอียดเพิ่มเติม,link ภาพ
โรงไฟฟ้าวังน้อย,Wang Noi Power Plant,32 หมู่ 4 ต.วังจุฬา อ.วังน้อย จ.พระนครศรีอยุธยา 13170,,database,รัฐวิสาหกิจ,,ผู้อำนวยการโรงไฟฟ้าวังน้อย ,02-436-8747,phiriya.s@egat.co.th,https://internship.egat.co.th/hr/hrbp/internship.html,,https://wangnoi.egat.co.th/,,,,กฟผ.
กองบริหารสารสนเทศ สำนักประธานคณะกรรมการบริหารฯ มูลนิธิวัดพระธรรมกาย,"Information Management Division, Office of the Chairman of the Executive Committee, Dhammakaya Foundation",40 หมู่ 8 ตำบลคลองสอง อำเภอคลองหลวง จ.ปทุมธานี 12120,,database,เอกชน,,,,,https://www.facebook.com/dhammakayafoundation/?locale=th_TH,,https://www.dhammakaya.net/,,,,ธรรมกาย
บริษัท ฝาจีบ จำกัด (มหาชน),CROWN SEAL PUBLIC COMPANY LIMITED,5 ซอยรังสิต-นครนายก 46 ตำบลประชาธิปัตย์ อำเภอธัญบุรี จ.ปทุมธานี 12130,,dont know,เอกชน,,,02-533-0450 ต่อ 578,wanida@crownseal.co.th,,,https://crownseal.co.th/,,,,ฝาจีบ
"บริษัท เอ โฮสต์ จำกัด","A-HOST CO., LTD.",979/52-55 อาคารเอส เอ็ม ทาวเวอร์ ชั้นที่ 21 ถนนพหลโยธิน แขวงพญาไท เขตพญาไท กรุงเทพมหานคร 10400,,both,เอกชน,,,02-298-0625 ต่อ 1102,premsinee@a-host.co.th,https://www.facebook.com/AHOSTGROUP/?locale=th_TH,,https://www.a-host.co.th/,"- ERP
- BI&DATA Warehouse
- Web Application
- Mobile Application(IOS&Android)
- Cloud and System Engineer
- Database Consultant and Adminisiator",เบี้ยเลี้ยง 150 บาท,,AHOST
บริษัท สำนักพิมพ์ เอมพันธ์ จำกัด (ฝ่ายการตลาด ฝ่ายผลิต และจัดส่ง),"AIMPHAN PRESS CO., LTD.",69/109  หมู่ 1 ต.บ้านใหม่ อ.ปากเกร็ด  จ.นนทบุรี 11120,,dont know,เอกชน,,,"- 02-582-2314
- 02-582-2315",,https://www.facebook.com/AimphanpressAP/,,https://aimphan.co.th/,,,,Aimphan
กองบัญชาการกรมควบคุมการปฏิบัติทางอากาศ,Air Operations Control Command,กองบัญชาการควบคุมการปฏิบัติทางอากาศ แขวงสายไหม เขตสายไหม กรุงเทพมหานคร 10220,,dont know,รัฐบาล,นอก MOU,ผู้บัญชาการกรมควบคุมการปฏิบัติทางอากาศ ,02-534-6720,,,,https://aocc.rtaf.mi.th/,,,,AirOperations
บริษัท ไอชิน ทากาโอกะ เอเชีย จำกัด,AISIN TAKAOKA ASIA COMPANY LIMITED,101/90 นิคมอุตสาหกรรมนวนคร ตำบลคลองหนึ่ง อำเภอคลองหลวง จังหวัดปทุมธานี 10120,,Network,เอกชน,,,,,https://www.facebook.com/ATTGCareer/,,https://www.attg.co.th/index.php,,,,AISIN
บริษัท แอ็ดวานซ์ อินฟอร์เมชั่น เทคโนโลยี จำกัด (มหาชน),ADVANCED INFORMATION TECHNOLOGY PUBLIC COMPANY LIMITED,37/2 ถนนสุทธิสารวินิจฉัย แขวงสามเสนนอก เขตห้วยขวาง กรุงเทพมหานคร 10310,,Network,เอกชน,นอก MOU,หัวหน้าฝ่ายบริหารทรัพยากรบุคคล ,02-275-9400,hr@ait.co.th,https://www.facebook.com/@AITPCL/?locale=th_TH,,https://www.ait.co.th/home/,,,,AIT
บริษัท ออลไรท์ คอมบิเนชั่น เซ็นทริก จำกัด,ALRIGHT COMBINATION CENTRIC COMPANY LIMITED,13 ซอยอินทามระ 36 แขวงรัชดาภิเษก เขตดินแดง กรุงเทพมหานคร 10400,,Network,เอกชน,นอก MOU,หัวหน้าฝ่ายทรัพยากรบุคคล,"062-277-5517
062-060-7882",hr@alcc.co.th,https://www.facebook.com/ALCCBKK/?locale=th_TH,,https://www.alcc.co.th/,,,,Alright
อาไรซ์ คอร์ปอเรชั่น จำกัด สำนักงานใหญ่,ARISE CORPORATION COMPANY LIMITED,5/37 ถ.เทศบาลสงเคราะห์. ลาดยาว จตุจักร กรุงเทพมหานคร 10900,,database,เอกชน,นอก MOU,,084-459-6256,admin@arisecorpn.com,,,,Software Developer,,,Arise
โรงเรียนเตรียมทหาร ,Armed Forces Academies Preparatory School,เลขที่ 9 ม.10 ต.ศรีกะอาง อ.บ้านนา จ.นครนายก 26110,,dont know,รัฐบาล,,,086-375-8037,,,,,,,,Armed Forces
บริษัท อาซ์คมีโซลูชั่น แอนด์ คอนซัลแทนท์ จำกัด,"AskMe Solutions & Consultants Co., Ltd.",108 อาคารบางกอกไทยทาวเวอร์ ชั้น 8 ห้อง 801 ถนนรางน้ำ แขวงถนนพญาไท เขตราชเทวี กรุงเทพฯ 10400,,database,เอกชน,,,,,,LINE ID:@askme,https://www.askme.co.th/,,,,Askme
บริษัท เอวิชั่น จำกัด,AVISION COMPANY LIMITED,979/49-50 อาคารเอส เอ็ม ทาวเวอร์ ชั้นที่ 20 ถนนพหลโยธิน แขวงพญาไท เขตพญาไท กรุงเทพมหานคร 10400,,database,เอกชน,,,"063-870-6877 , 095-253-8732",Service_admin@avision.co.th,https://www.facebook.com/AVisionDynamics,,https://www.avision.co.th/2017/HTML/index.html,"- ERP Application consultant
- Developers/Programmers",,"-มีความรู้พื้นฐานทางด้าน บัญชี ระบบ ERP และระบบ AIS (สำหรับ ERP Application Consultant)
- มีความรู้พื้นฐานทางด้าน IT (SQL Database, Programming Language C++ หรือ .NET) (สำหรับ Developer/Programmer)",Avision
บริษัท อะแวร์ เทคโนโลยี โซลูชั่น คอร์ปอเรชั่น จำกัด,AWARE TECHNOLOGY SOLUTIONS CORPORATION COMPANY LIMITED,408/160 ชั้น 39 อาคารพหลโยธินเพลส ถนนพหลโยธิน แขวงสามเสนใน เขตพญาไท กรุงเทพมหานคร 10400,,database,เอกชน,,,02-619-0226,hrats@aware.co.th,https://www.facebook.com/AwareGroupCareers/,,https://www.aware.co.th/,"- .NET Developer
- Frontend Developer (React JS)
- Java Developer
- Mobile (Flutter)
- Software Tester","เบี้ยเลี้ยง300-1,000 บาท ",,Aware
บริษัท แอ๊กเซ็นเทล (ไทยแลนด์) จำกัด,AXENTEL (THAILAND) LTD.,18/10 หมู่บ้าน เวร่า บิสเน็ท ถนนร่มเกล้า แขวงคลองสามประเวศ เขตลาดกระบัง กรุงเทพมหานคร 10520,,Network,เอกชน,,,,,https://www.facebook.com/axenteltech,,https://axentel.co.th/th/,,,,axentel
บริษัท บางกอก เว็บโซลูชั่น จำกัด,"BANGKOK WEB SOLUTION CO.,LTD.",182 หมู่บ้านตะวันรุ่ง ซอย 7 ถนนลาดพร้าว 64 แยก 4 แขวงวังทองหลาง เขตวังทองหลาง กรุงเทพมหานคร 10310,,database,เอกชน,,,08-1356-0706 (HR & Internship),,https://www.facebook.com/BangkokWebSolution,,https://www.bangkokwebsolution.com/,"- Graphic Design
- Web Programmer
- System Analysis
- Mobile Application Developer","- ฝึกแบบ Hybrid เข้า office สัปดาห์ละ 2-3 วัน 
- มี OT","- Figma
- Back end :  PHP
- Front end : Javascript , CSS , html
- Mobile: React Native",BangkokWeb
บริษัท เบย์ คอมพิวติ้ง จำกัด,"BAY COMPUTING CO., LTD.",89 อาคารคอสโม ออฟฟิศ พาร์ค ชั้นที่ 6 ถนนป๊อปปูล่า ตำบลบ้านใหม่ อำเภอปากเกร็ด ,,both,เอกชน,นอก MOU,,,info@baycoms.com,,,https://www.baycoms.com/,,,,BAY Computing
บริษัท บีแทสก์ คอนซัลติ้ง จำกัด,"B-Task Consulting Co., Ltd.",เลขที่ 345 หมู่ที่ 3 ตำบลบ้านใหม่ อำเภอปากเกร็ด จังหวัดนนทบุรี 11120,,database,เอกชน,,,089-450-2288,,https://www.facebook.com/betaskthai/?locale=th_TH,LINE ID : 0894502288,https://betaskthai.com/,- software developer,,"สามารถใช้ Unix/Linux systems, Ubuntu
สามารถเขียน config ใน Docker (optional: VMWare, OpenVM)
สามารถเขียน config สำหรับ cluster deploymentโดยเฉพาะ Kubernetes Engine
มีความรู้จักพวก DevOps tooling; Git [GitHub, GitLab], Continuous Integration [CI], Continuous Deployment [CD]
สามารถในการใช้เทคโนโลยี open และ cloud service ต่างๆ (โดยเฉพาะ Google Cloud จะพิจารณาเป็นพิเศษ)
มีประสบการณ์ในการทำงานกับ docker และ kubernetes อย่างน้อยที่สุดคือการพัฒนาบน development environment จะพิจารณาเป็นพิเศษ",Betask
บริษัท บีทามส์ โซลูชั่น จำกัด,BETIMES SOLUTIONS COMPANY LIMITED,84/4 ซอยสุขุมวิท 62 ถนนสุขุมวิท แขวงบางจาก เขตพระโขนง กรุงเทพมหานคร 10260,,database,เอกชน,,,02-7414952,hr@betimes.biz,https://www.facebook.com/Betimes.biz,,https://www.betimes.biz/,"- Developer
- Tester
- System Analysis
- Data Analysis
- Data Engineer
- Data Scientist
- UX/UI Designer
- AI Developer
- IT Support","- เบี้ยเลี้ยง
- ข้าวเย็น",,BETIMES
บริษัท บางกอกกล๊าส จำกัด (มหาชน),BANGKOK GLASS PUBLIC COMPANY LIMITED,47/1 หมู่ที่ 2 ถนนรังสิต-นครนายก ตำบลบึงยี่โถ อำเภอธัญบุรี จ.ปทุมธานี 12130,,both,เอกชน,,,02-834-7000,career@bgc.co.th,https://www.facebook.com/CareerBG/?locale=th_TH,,https://www.bgiglass.com/official/?r=Anniversary50th,,,,BG
บริษัท บิ้กซี ซุเปอร์เซ็นเตอร์ จำกัด (มหาชน) สำนักงานใหญ่,BIG C SUPERCENTER PUBLIC COMPANY LIMITED,88/9 ซอยสมานฉันท์ - บาร์โบส แขวงพระโขนง เขตคลองเตย กรุงเทพมหานคร,,database,เอกชน,,,084 324 2136,Nuntakarn.cha@bigc.co.th,https://www.facebook.com/bigcinternship,,https://sme.bigc.co.th/,"- Developer
- Data Analysis",,,Big C
สำนักบริหารการทะเบียน กรมการปกครอง,The Bureau of Registration Administration (BORA),59 หมู่ 11 ถ. ลำลูกกา ตำบล บึงทองหลาง อำเภอลำลูกกา ปทุมธานี 12150,,database,รัฐบาล,,,02-791-7515,,,,https://www.bora.dopa.go.th/,,,,BORA
บริษัท ไทยบริดจสโตน จำกัด,"THAI BRIDGESTONE CO., LTD.",14/3 ถ. พหลโยธิน ตำบล คลองหนึ่ง อำเภอคลองหลวง ปทุมธานี 12120,,database,เอกชน,,,065-502-1241,,https://www.facebook.com/BridgestoneCareersTH,,https://www.bridgestone.co.th/th,,"- เบี้ยเลี้ยง 120 บาท/วัน
- รถรับส่ง
- อาหารกลางวันราคาย่อมเยาว์",,Bridgestone
โรงพยาบาลกรุงสยามเซนต์ตาร์ลอส,Krung Siam St.Carlos Medical Centre,5/84 หมู่ 2 ถนนติวานนท์ ตำบลบ้านกลาง อำเภอเมืองปทุมธานี จังหวัดปทุมธานี 12000,,database,เอกชน,,,,,https://www.facebook.com/stcarlosth/?locale=th_TH,,https://www.stcarlos.com/,,,,carlos
บริษัท ชุน บ็อก จำกัด,"CHUNBOK CO., LTD.",8 ซอยหัวหมาก 7 แขวงหัวหมาก เขตบางกะปิ กรุงเทพมหานคร,,Network,เอกชน,,,02-732-1457,,https://www.facebook.com/ChunbokCompany/?locale=th_TH,,https://www.chunbok.com/en/main/,,,,CHUNBOX
ศาลากลางจังหวัดสิงห์บุรี ,Sing Buri City Hall,ศาลากลางจังหวัดสิงห์บุรี ชั้น 3 (อาคาร 3 ชั้น) ถนนสิงห์บุรี-บางพาน ตำบลบางมัญ อำเภอเมืองสิงห์บุรี จังหวัดสิงห์บุรี 16000,,dont know,รัฐบาล,,,,,,,,,,,City hall
บริษัท ซี ซัพพอร์ต เซอร์วิส จำกัด (สำนักงานใหญ่),"C SUPPORT SERVICE CO., LTD.",88/79 หมู่ที่ 3 ตำบลลำผักกูด อำเภอธัญบุรี จ.ปทุมธานี 12110,,Network,เอกชน,นอก MOU,หัวหน้าฝ่ายบุคคล,090-369-0033, Chservicce.th@gmail.com,https://www.facebook.com/csupportservice,,,,,,CSS
บริษัท คอม เทรดดิ้ง จำกัด,"COMP TRADING CO., LTD",18 อาคารซีทีซี แขวงท่าแร้ง เขตบางเขน กรุงเทพมหานคร,,Network,เอกชน,,ฝ่ายทรัพยากรบุคคล คุณเบญจวรรณ หรือ คุณเสาวนีย์,02-018-1818 ต่อ 5101,,https://www.facebook.com/ctccoth,,https://www.ctc.co.th/,,,,CTC
บริษัท ดีเฟนซ์ อินโนเวชั่น จำกัด,DEFENCE INNOVATION COMPANY LIMITED,202 อาคารซีดีจี เฮาส์ ถนนนางลิ้นจี่ ช่องนนทรี ยานนาวา กรุงเทพฯ 10120,,database,เอกชน,นอก MOU,กรรมการผู้จัดการ ,02-678-0493,info@defence-innovation.com,,,https://www.defence-innovation.com/,,,,Defence
สำนักงานส่งเสริมเศรษฐกิจดิจิทัล,Digital Economy Promotion Agency,เลขที่ 80 ถนนลาดพร้าว ซอยลาดพร้าว 4 แขวงจอมพล เขตจตุจักร กรุงเทพมหานคร 10900,,database,รัฐบาล,,,02-026-2333,,https://www.facebook.com/depathai/?locale=th_TH,,https://www.depa.or.th/th/home,,,,DEPA
กรมสอบสวนคดีพิเศษ,Department of Special Investigation,128 ถ. แจ้งวัฒนะ แขวงทุ่งสองห้อง เขตหลักสี่ กรุงเทพมหานคร 10210,,both,รัฐบาล,นอก MOU,ผู้อำนวยการกลุ่มงานบริหารทรัพยากรบุคคล,,,https://www.dsi.go.th/Files/25600704/%E0%B8%A3%E0%B8%B1%E0%B8%9A%E0%B8%AA%E0%B8%A1%E0%B8%B1%E0%B8%84%E0%B8%A3%E0%B8%99%E0%B8%B1%E0%B8%81%E0%B8%A8%E0%B8%B6%E0%B8%81%E0%B8%A9%E0%B8%B2%E0%B8%9D%E0%B8%B6%E0%B8%81%E0%B8%87%E0%B8%B2%E0%B8%99.pdf,,https://www.dsi.go.th/th,,,,DSI
บริษัท อี-ซี.โอ.พี (ประเทศไทย) จำกัด  ,E-C.O.P (THAILAND) COMPANY LIMITED,"72 อาคารกสท. โทรคมนาคม ห้องเลขที่ 412 ชั้น 4,18 ตรอกวัดม่วงแค (เจริญกรุง34) ",กรุงเทพมหานคร,Network,เอกชน,นอก MOU,ผู้จัดการฝ่ายบุคคล,02-401-0106-7,,,,https://www.ecop.co.th/,,,,ECOP
บริษัท ควิก อีอาร์พี จำกัด,QUICK ERP COMPANY LIMITED,5 ซอยหัวหมาก 9 แขวงหัวหมาก เขตบางกะปิ กรุงเทพมหานคร,,database,เอกชน,,,,,https://www.facebook.com/QuickErpDigitalTransformationPartner/?locale=th_TH,,https://quickerpthailand.com/,"- Application Colsultant 
- System Analysis
- Devoloper",,,ERP
การทางพิเศษแห่งประเทศไทย (ศูนย์ควบคุมทางพิเศษฉลองรัช),EXPRESSWAY AUTHORITY OF THAILAND (CCB3),การทางพิเศษแห่งประเทศไทย ถ.พระราม 9 แขวงบางกะปิ เขตห้วยขวาง กรุงเทพฯ 10310,,dont know,รัฐวิสาหกิจ,นอก MOU,ผู้ว่าการการทางพิเศษแห่งประเทศไทย,02-319-9730-9,,,,https://www.exat.co.th/,,,,EXAT
บริษัท เฟรนลี่กรุ๊ปส์ โลจิสติกส์ จำกัด สำนักงานใหญ่,"FRIENDLY GROUPS LOGISTICS CO., LTD.",31/1208 หมู่ 16 ซองคลองหลวง 17 ตำบลคลองหนึ่ง อำเภอคลองหลวง จังหวัดปทุมธานี 12120,,Network,เอกชน,,,02-516-3881,,https://www.facebook.com/Friendlygl/,,https://www.friendlygl.com/,,,,FG
บริษัท ฟิกท์ แอสโซซิเอท จำกัด,FICT ASSOCIATE COMPANY LIMITED,	1501 ซอยลาดพร้าว 94 (ปัญจมิตร) แขวงพลับพลา เขตวังทองหลาง กรุงเทพมหานคร 10310,,both,เอกชน,นอก MOU,,02-090-2122-3,,https://www.facebook.com/profile.php?id=100063885464349,,https://fictgroup.com/,,,,Fict
บริษัท จีเอเบิล จำกัด (มหาชน),G-ABLE PUBLIC COMPANY LIMITED,127/30 อาคารปัญจธานี ชั้นที่ 25 ถนนนนทรี แขวงช่องนนทรี เขตยานนาวา กรุงเทพมหานคร 10120,,database,เอกชน,,คุณชนม์ภิชา  นาคโร ,064-491-5624,chonpicha.n@g-able.com,https://careers.g-able.com/internship/,,https://www.g-able.com/th,"- Data Analytics/Data Enfineering
- Business Analysis
- Full Stack Developer
- Application Devoloper",,,GABLE
บริษัท จีเอ็มโปรซอฟท์ จำกัด,GM PROSOFT COMPANY LIMITED,118/42 ถนนลาดกระบัง แขวงลาดกระบัง เขตลาดกระบัง กรุงเทพมหานคร 10520,,database,เอกชน,MOU,ผู้จัดการทั่วไป,02-130-7891,info@gmprosoft.com,,,,,,,GM
บริษัท จี-เน็ท เน็ทเวิร์ค โซลูชั่น จำกัด,"G - NET NETWORK SOLUTION CO., LTD.",46/153 ซ. นวลจันทร์ 29 แขวงนวลจันทร์ เขตบึงกุ่ม กรุงเทพมหานคร 10230,,both,เอกชน,นอก MOU,,02-363-4355 ,ruttikarn@g-net.co.th,https://www.facebook.com/gnetnetwork,,https://www.g-net.co.th/,,,,G-NET
บริษัท โกดิจิท จำกัด,"GO DIGIT CO., LTD.",111/17 Pleno(พหลโยธิน-วัชรพล) ถ.เพิ่มสิน แขวงคลองถนน เขตสายไหม กรุงเทพมหานคร 10220,,database,เอกชน,,,,,https://www.facebook.com/godigit.net/?locale=th_TH,,https://godigit.net/,,,,GOdigit
บริษัท บริการเชื้อเพลิงการบินกรุงเทพ จำกัด(มหาชน),Bangkok Aviation Fuel Services Public Company Limited,171/2 ถนนกำแพงเพชร 6 แขวงดอนเมือง เขตดอนเมือง กรุงเทพมหานคร 10210,,both,เอกชน,,,02-834-8900,,https://www.facebook.com/BAFSGROUP/?locale=th_TH,,https://www.bafsthai.com/th/home,,,,Green network
"ธนาคารออมสิน สำนักงานใหญ่",Government Savings Bank Head Office,470 ถนนพหลโยธิน แขวงสามเสนใน เขตพญาไท กรุงเทพมหานคร 10400,,both,รัฐบาล,,,02-299-8000 ต่อ 040348 – 9,Unit.Kss@gsb.or.th,,Line:@gsbinternship,https://www.gsb.or.th/,,,,GSB
โรงแยกก๊าชธรรมชาติระยอง,Gas Separation Plants (GSPs), 555 ถ.สุขุมวิท  ต.มาบตาพุด  อ.เมืองระยอง จ.ระยอง 21150  ,,dont know,รัฐวิสาหกิจ,,,,,https://www.facebook.com/GSPRayong/?locale=th_TH,,,,,,GSPs
โรงพยาบาลธัญบุรี,Thanyaburi hospital,140 ถนนรังสิต-นครนายก ตำบลรังสิต อำเภอธัญบุรี ปทุมธานี 12110,,both,รัฐบาล,,,02-577-2600,,https://www.facebook.com/p/%E0%B9%82%E0%B8%A3%E0%B8%87%E0%B8%9E%E0%B8%A2%E0%B8%B2%E0%B8%9A%E0%B8%B2%E0%B8%A5%E0%B8%98%E0%B8%B1%E0%B8%8D%E0%B8%9A%E0%B8%B8%E0%B8%A3%E0%B8%B5-100064803696662/?locale=th_TH,,https://www.thanyahos.go.th/,,,,Hospital
บริษัท ไอแอพพ์เทคโนโลยี จำกัด,I APP TECHNOLOGY COMPANY LIMITED,80/359 หมู่ที่ 3 ซอยคลองหลวง 26 ตำบลคลองหนึ่ง อำเภอคลองหลวง จ.ปทุมธานี,ปทุมธานี,database,เอกชน,นอก MOU,ผู้ช่วยผู้จัดการ,097-018-5578,info@iapp.co.th,,,https://www.iapp.co.th/,,,,I App
บริษัท ไอบิสซิเนส คอร์ปอเรชั่น จำกัด ,"IBUSINESS CORPORATION CO.,LTD.",111/20 หมู่ที่ 6 ตำบลบ้านใหม่ อำเภอปากเกร็ด จ.นนทบุรี 11120,,database,เอกชน,,,,,https://www.facebook.com/iBusinessCorporation/?locale=th_TH,,,,,,Ibusiness
บริษัท อินติเกรตเทคโนโลยี ซิสเต็ม จำกัด ,INTEGRATED TECHNOLOGY SYSTEM COMPANY LIMITED,108/18-19 หมู่ที่ 6 ตำบลคูคต อำเภอลำลูกกา จ.ปทุมธานี 12130,,Network,เอกชน,นอก MOU,ผู้จัดการบริษัท,,info@itsystem.co.th,https://www.facebook.com/Integrated.Technology.System,,https://www.itsystem.co.th/home,,,,INTEGRATED
บริษัท อินฟอร์เมชั่น เซอร์วิส แอนด์ คอนซัลแทนท์ จำกัด,INFORMATION SERVICE AND CONSULTANT COMPANY LIMITED,55/108 ถนนกำแพงเพชร 6 แขวงลาดยาว เขตจตุจักร กรุงเทพมหานคร 10900,,Network,เอกชน,MOU,,02-158-1188,,,,https://www.isc-th.com/,,,,ISC
บริษัท ไอที บี ที คอร์ปอเรชั่น จำกัด ,ITBT CORPORATION COMPANY LIMITED,555/38 อาคารไอทีบีกรุ๊ป ชั้น2 แขวงดอนเมือง เขตดอนเมือง กรุงเทพมหานคร 10210,,both,เอกชน,MOU,ผู้จัดการบริษัท,02-101-4461 กด 3,hr@itbtthai.com,https://www.facebook.com/itbtcenter/,,https://www.itbtthai.com/,"- IT Support
- Network Engineer","- เสื้อยูนิฟอร์ม
- เบี้ยเลี้ยง วันละ 100-300 บาท",,ITBT
สาขาวิชาเทคโนโลยีคอมพิวเตอร์ คณะวิทยาศาสตร์และเทคโนโลยี,Division of Computer Technology. Faculty of Science and Technology,คณะวิทยาศาสตร์และเทคโนโลยี 39 หมู่ที่ 1 ตำบลคลองหก อำเภอคลองหลวง จังหวัดปทุมธานี 12110,,both,รัฐบาล,นอก MOU,,02-549-4197,,,,https://it.rmutt.ac.th/,,,,IT RMUTT
บริษัท ไอทีเทคโนคอม จำกัด,IT TECHNOCOM LTD.PART.,641/14 ซอยเสรีไทย11 ถนนเสรีไทย แขวงคลองกุ่ม เขตบึงกุ่ม กรุงเทพมหานคร 10240,,database,เอกชน,MOU,,084-084-4653,chalamla@gmail.com,https://www.facebook.com/teachingprogramming/?ref=embed_page,Line : ittechnocom,https://xn--12cb2ebk1bdkb6d7a6gvguam.com/,,,,IT TECHNO
ห้างหุ้นส่วนจำกัด ไอที เทคโนคอม,IT TECHNOCOM LTD.PART,50/127 ม.5 ซอยติวานนท์-ปากเกร็ด12/1 ถ.ติวานนท์ ต.ปากเกร็ด อ.ปากเกร็ด จ.นนทบุรี 11120,นนทบุรี ,database,เอกชน,นอก MOU,ผู้จัดการบริษัท,084-084-4653,chalamla@gmail.com,,- Lineid:084-084-4653,https://www.it-technocom.com/home_th.html,- Programmer,,- ภาษา PHP,IT Technocom
สำนักวิทยบริการและเทคโยโลยีสารสนเทศ,Office of Academic Resources and Information Technology Rajamangala of Technology Thanyaburi,39 หมู่ 1 ตึก ICT ต.คลองหก อ.คลองหลวง จ.ปทุมธานี 12120,ปทุมธานี,both,รัฐบาล,นอก MOU,ผู้อำนวยการสำนักวิทยบริการและเทคโนโลยีสารสนเทศ,097-246-0225,,,,https://www.arit.rmutt.ac.th/,,,,I work
บริษัท เจกรุ๊ป เทคโนโลยี จำกัด,J-GROUP TECHNOLOGY COMPANY LIMITED,427 ซอย ลาดพร้าว 107 แขวงคลองจั่น แขวงบางกะปิ กรุงเทพมหานคร 10240,,Network,เอกชน,,ผู้จัดการบริษัท,02-375-8664,,https://www.facebook.com/JGroupTechnology/?locale=th_TH,,https://jgroup-technology.com/,,,,JGroup
บริษัท นิตยาไก่ย่าง ฟู้ด แอนด์ เบฟเวอเรจ จํากัด,NITTAYAKAIYANG FOOD AND BEVERAGE COMPANY LIMITED,73/1 ซอยทานสัมฤทธิ์ 20 ถนนติวานนท์ ตำบลท่าทราย อำเภอเมืองนนทบุรี จ.นนทบุรี 11000,,database,เอกชน,,,,,https://www.facebook.com/logisboysolutions,,https://www.nittayakaiyang.com/th/,,,,KAIYANG
บริษัท เคมิท กรุ๊ป จำกัด,KMIT GROUP COMPANY LIMITED,89 อาคารคอสโม ออฟฟิศ พาร์ค ชั้น 5 ยูนิตไอ ถนนป๊อปปูล่า ตำบลบ้านใหม่ อำเภอปากเกร็ด จ.นนทบุรี 11120,,both,เอกชน,,,02-049-1740-1 ต่อ 951,hr_admin@kmit-group.com,https://www.facebook.com/p/HR-KMIT-GROUP-100094762923502/,,https://www.kmit-group.com/,"- Network Engineer
- IT Engineer
- IT Support",,,Kmit
บริษัท เค ที เอ็น บิสซิเนส โซลูชั่นส์ จำกัด,KTN Business Solutions Company Limited (KTNBS),110/39 ซอยลาดพร้าว 18 แขวงจอมพล เขตจตุจักร กรุงเทพมหานคร 10900,,database,เอกชน,,,02-938-5739,,https://www.facebook.com/ktnbusinesssolutions,,https://www.ktnbs.com/transform.nsf/homepage.xsp,,,,KNTBS
บริษัท ก้อนกลม อินฟินิต จำกัด,"KONKLOM INFINITE CO., LTD.",88/20 หมู่บ้าน ศุภลักษณ์ พาณิชย์โฮม 2 หมู่ที่ 3 ตำบลรังสิต อำเภอธัญบุรี จ.ปทุมธานี 12110,,database,เอกชน,,,065-502-1242,konklominfinite@gmail.com,https://www.facebook.com/p/Konklom-Infinite-100085044445953/,,https://www.konklominfinite.com/,"- FrontEnd
- BackEnd
- DevOps
- Tester",,,konklom
บริษัท คราทอส อินโน เทค จำกัด,KRATOS INNO TECH COMPANY LIMITED,968 อาคาร อื้อจือเหลียง ชั้น 5 ถนน พระรามที่ 4 ถ.สีลม เขตบางรัก กรุงเทพมหานคร 10500,,database,เอกชน,,,"- 02-095-3376
- 088-790-3855",thongchai@kratosinnotech.com,,,https://www.kratosinnotech.com/,,,,Kratos
บริษัท เค เอส ซี คอมเมอร์เชียล อินเตอร์เนต จำกัด,"K S C COMMERCIAL INTERNET CO., LTD.",2/4 อาคารชับบ์ ชั้น 10 ถนนวิภาวดีรังสิต แขวงทุ่งสองห้อง เขตหลักสี่ กรุงเทพมหานคร 10210,กรุงเทพมหานคร ,Network,เอกชน,นอก MOU,หัวหน้าฝ่ายบุคคล,02-779-1232,personnel@ksc.net,,,https://www.ksc.net/th/index.aspx,,,,KSC
บริษัท โลจิส บอย จำกัด,"LOGIS BOY CO., LTD.",1010 อาคารชินวัตรทาวเวอร์ 3 ชั้น 12 ถนนวิภาวดีรังสิต แขวงจตุจักร เขตจตุจักร กรุงเทพมหานคร 10900,,database,เอกชน,,,,,https://www.facebook.com/logisboysolutions,,https://www.logisboysolutions.com/,,,,logisboy
บริษัท แมจิก บ๊อกซ์ โซลูชั่นส์ จำกัด,"MAGIC BOX SOLUTIONS CO., LTD.",อาคารเศรษฐีวรรณ ทาวเวอร์ 139 ถนนปั้น แขวงสีลม เขตบางรัก กรุงเทพมหานคร 10500,,database,เอกชน,นอก MOU,ฝ่ายบุคคล,063-9474595 (HR Team),career@magicboxasia.com,https://www.facebook.com/MagicBoxSolution/?locale=th_TH,,https://www.magicboxsolution.com/,"- UX&UI Designer
- Mobile Developer","มีค่าตอบแทนเดือนละ 3,000 - 4,000 บาท",,Magic Box
บริษัท แม็กซิมัม ซอร์ฟแวร์ โซลูชั่น จำกัด,"MAXIMUM SOFTWARE SOLUTION CO., LTD.",17/3 หมู่ที่ 1 ตำบลบางคูรัด อำเภอบางบัวทอง จ.นนทบุรี 11110,,database,เอกชน,,,063-893-3891,hr@maximumsoft.co.th,https://www.facebook.com/maximumsoftcoltd,,https://www.maximumsoft.co.th/,,,,Maximum
บริษัท เมโทรซิสเต็มส์คอร์ปอเรชั่น จำกัด (มหาชน),METRO SYSTEMS CORPORATION PUBLIC COMPANY LIMITED,400 ถนนเฉลิมพระเกียรติ ร.9 แขวงหนองบอน เขตประเวศ กรุงเทพมหานคร 10250,,both,เอกชน,,,,"kesvakhu@metrosystems.co.th
ammarsai@metrosystems.co.th",https://www.facebook.com/metrosystemscorp/,,https://www.metrosystems.co.th/home-th/,"- Programmer
- Software Tester
- Network
- UX/UI
- System Engineer
- Cloud Engineer",,,METRO
รถไฟฟ้าขนส่งมวลชนแห่งประเทศไทย,Mass Rapid Transit Authority of Thailand,175 ถนนพระราม 9 เขตห้วยขวาง แขวงห้วยขวาง กรุงเทพมหานคร 10310,,both,รัฐวิสาหกิจ,,,,,,,https://www.mrta.co.th/th,,เบี้ยเลี้ยงในอัตรา 200 บาท / วัน,,MRTA
วิทยาลัยการอาชีพนวมินทราชูทิศ,Nawamintrachutit Industrial and Community College,11/11 ซอย นวลจันทร์ 56 แยก 3 แขวงคลองกุ่ม เขตบึงกุ่ม กรุงเทพมหานคร 10230,,dont know,รัฐบาล,นอก MOU,ผู้อำนวยการวิทยาลัยอาชีพนวมินทราชูทิศ,02-944-4343,,,,https://kme.nwm.ac.th/?usid=10000001&language=Th,,,,Navamintrachutit
สำนักงานคณะกรรมการการรักษาความมั่นคงปลอดภัยไซเบอร์แห่งชาติ,National Cyber Security Agency,"120 หมู่ 3 อาคารรัฐประศาสนภักดี (อาคารบี) ชั้น 6 ศูนย์ราชการเฉลิมพระเกียรติ 80 พรรษา 5 ธันวาคม 2550 
ถนนแจ้งวัฒนะ แขวงทุ่งสองห้อง เขตหลักสี่ กรุงเทพฯ 10210",,both,รัฐบาล,,,,,https://www.facebook.com/NCSA.Thailand/?locale=th_TH,,https://ncsec.ncsa.or.th/,,,,NCSA
บริษัท เน็ตเซอร์วิส (ประเทศไทย) จำกัด,NET SERVICE (THAILAND) COMPANY LIMITED,99/1 อาคารซอฟต์แวร์ปาร์ค ชั้น 35 หมู่ที่ 4 ถนนแจ้งวัฒนะ ตำบลคลองเกลือ อำเภอปากเกร็ด จ.นนทบุรี 11120,,database,เอกชน,,,02-502-6000,,https://www.facebook.com/NetserviceTH/?locale=th_TH,,https://www.netservice.co.th/,,,,NetService
บริษัท นิคเคสยามอลูมิเนียม จำกัด,NIKKEI SIAM ALUMINIUM COMPANY LIMITED,30 หมู่ที่ 14 ถนนพหลโยธิน ก.ม.47 ตำบลคลองหนึ่ง อำเภอคลองหลวง จ.ปทุมธานี 12160,,Network,เอกชน,,,02-529-5299,,https://www.facebook.com/nikkeisiam/?locale=th_TH,,https://www.nikkeisiam.co.th/,,,,Nikkei
องค์การพิพิธภัณฑ์วิทยาศาสตร์แห่งชาติ(อพวช.),"National Science Museum Thailand, NSM",39 หมู่ที่ 3 ถนน เลียบคลองห้า ตำบล คลองห้า อำเภอคลองหลวง ปทุมธานี 12120,,both,รัฐบาล,,ผูู้อำนวยการองค์การพิพิธภัณฑ์วิทยาศาสตร์แห่งชาติ,02-577-9999,,https://www.facebook.com/ScienceMuseumThailand/?locale=th_TH,,https://www.nsm.or.th/nsm/,,,,NSM
บริษัท โทรคมนาคมแห่งชาติ จำกัด(มหาชน) สำนักงานใหญ่,NATIONAL TELECOM PUBLIC COMPANY LIMITED,99 ถนนแจ้งวัฒนะ แขวงทุ่งสองห้อง เขตหลักสี่ กรุงเทพ 10210,,both,รัฐวิสาหกิจ,นอก MOU,,02-505-1587,,,,https://www.ntplc.co.th/,,,,NT2
บริษัท โทรคมนาคมแห่งชาติ จำกัด(มหาชน) สาขาลพบุรี,NATIONAL TELECOM PUBLIC COMPANY LIMITED ,252/1  ถ.นารายณ์มหาราช  ต.ทะเลชุลศร  อ.เมืองลพบุรี  15000,,both,รัฐวิสาหกิจ,,,036-422-222,,https://www.facebook.com/NTLopburi/?locale=th_TH,,,,,,NT สาขาย่อย
บริษัท โทรคมนาคมแห่งชาติ จำกัด (มหาชน) สาขานครนายก,NATIONAL TELECOM PUBLIC COMPANY LIMITED,5/4 หมู่ 8  นครนายก-ปากพลี ต.พรหมมณี  อ.เมือง จ.นครนายก  26000,,both,รัฐวิสาหกิจ,,,037-313-644,,,,,,,,NT สาขาย่อย
บริษัท โทรคมนาคมแห่งชาติ จำกัด (มหาชน) สาขาอ่างทอง,NATIONAL TELECOM PUBLIC COMPANY LIMITED,65 อาคาร ศูนย์บริการลูกค้าสาขาปทุมธานี ชั้น 1 ถนนปทุมสัมพันธ์ ตำบลบางปรอก อำเภอเมืองปทุมธานี ปทุมธานี 12000,,both,รัฐวิสาหกิจ,,,03-5851491,,,,,,,,NT สาขาย่อย
บริษัท โทรคมนาคมแห่งชาติ จำกัด (มหาชน) สาขาปทุมธานี,NATIONAL TELECOM PUBLIC COMPANY LIMITED,65 อาคาร ศูนย์บริการลูกค้าสาขาปทุมธานี ชั้น 1 ถนนปทุมสัมพันธ์ ตำบลบางปรอก อำเภอเมืองปทุมธานี ปทุมธานี 12000,,Network,รัฐวิสาหกิจ,นอก MOU,,,,,,https://www.ntplc.co.th/,,,,NT PATHUM
การไฟฟ้าส่วนภูมิภาค สำนักงานใหญ่,Provincial Electricity Authority (PEA),200 ถนนงามวงศ์วาน แขวงลาดยาว เขตจตุจักร กรุงเทพมหานคร 10900,,database,รัฐวิสาหกิจ,,,02-589-0100,,https://internpea.herokuapp.com/,,https://www.pea.co.th/,"- Business Analyst
- UX/UI
- Front End
- Back End",,,PEA
การไฟฟ้าส่วนภูมิภาคจังหวัดอ่างทอง,Provincial Electricity Authority (PEA) Ang Thong,59 ถ.อยุธยา-อ่างทอง ต.โพสะ อ.เมืองอ่างทอง จ.อ่างทอง 14000,,dont know,รัฐวิสาหกิจ,นอก MOU,ผู้จัดการการไฟฟ้าส่วนภุมิภาคจังหวัดอ่างทอง,035-613-591,,https://www.facebook.com/peaangtong/?locale=th_TH,,,,,,PEA Ang Thong
การไฟฟ้าส่วนภูมิภาค อำเภอบ้านนา,Provincial Electricity Authority (PEA) Banna,222 หมู่ 2 ต.ป่าขะ  อ.บ้านนา จ.นครนายก  26110,,dont know,รัฐวิสาหกิจ,,,037-382-770,,https://www.facebook.com/p/การไฟฟ้าส่วนภูมิภาคอำเภอบ้านนา,,,,,,PEA Banna
บริษัท ภูเก็ต อินโนเวทีฟ เดเวลลอปเม้นท์ จำกัด,PHUKET INNOVATIVE DEVELOPMENT COMPANY LIMITED,546 ชั้น 11 อาคารรัชดาวัน ถนนรัชดาภิเษก แขวงลาดยาว เขตจตุจักร กรุงเทพมหานคร 10900,,database,เอกชน,,,093-696-4498,,https://www.facebook.com/pkid.io?_rdr,,https://pkindev.com/,,,,PK
"บริษัท ซิสเต็มส์ ไพร์ม จำกัด",SYSTEM PRIME COMPANY LIMITED,288/74 ถ.สุเหร่า คลองหนึ่ง แขวงบางชัน เขตคลองสามวา กรุงเทพฯ 10510,,Network,เอกชน,,,02-000-5895,,https://www.facebook.com/p/System-Prime-CoLtd-100040951611505/,,https://www.systemprime.co.th/,,,,Prime
บริษัท พรอมห์นาว จำกัด,"PromptNow Co., Ltd.",333 อาคารเล้าเป้งง้วน 1 ชั้นที่ 16 ซอยเฉยพ่วง ถนนวิภาวดีรังสิต แขวงจอมพล เขตจตุจักร กรุงเทพมหานคร 10900,,both,เอกชน,,,02-278-9276,,https://www.facebook.com/promptnowcompany/?locale=th_TH,,https://www.promptnow.com/,,,,Promptnow
บริษัท ปตท. จำกัด (มหาชน),PTT PUBLIC COMPANY LIMITED,71 หมู่ 2 ถนนพหลโยธิน ต.สนับทึบ อ.วังน้อย จ.พระนครศรีอยุธยา  13170 ,,both,รัฐวิสาหกิจ,นอก MOU,ผู้จัดการส่วนปฏิบัติการระบบท่อเขต 2,036-436-333-47,,https://www.pttep.com/th/career/internship,,https://www.pttplc.com/th/Home.aspx,,,,PTT
กองบัญชาการกองทัพไทย,Royal Thai Armed Forces Headquarters,127 กองบัญชาการกองทัพไทย ถนน แจ้งวัฒนะ แขวงทุ่งสองห้อง เขตหลักสี่ กรุงเทพฯ 10210,,both,รัฐบาล,,,,,https://www.facebook.com/rtarfhq.pr/?locale=th_TH,,https://www.rtarf.mi.th/index,,,,Royal Thai
เจ้ากรมสื่อสารอิเล็กทรอนิกส์ ทหารอากาศ,"Directorate of Communications and Electronics, Royal Thai Air Force",171 ถ.พหลโยธิน แขวงสนามบิน เขตดอนเมือง กรุงเทพฯ 10220,,Network,รัฐบาล,นอก MOU,,02-534-3223,,,,https://comm.rtaf.mi.th/?page_id=49,,,,Royal Thai Air Force
 บริษัท อาร์ วี คอนเน็กซ์ จำกัด,R V CONNEX COMPANY LIMITED,30/1 หมู่ที่ 1 ถนนพหลโยธิน ตำบลคลองหนึ่ง อำเภอคลองหลวง จ.ปทุมธานี 12120,,both,เอกชน,MOU,ผู้จัดการฝ่ายบุคคล,02-090-9510 ต่อ 2201,admin.hr@rvconnex.com,https://www.facebook.com/RVConnexOfficial,,https://www.rvconnex.com/en/home,"- Cyber Security
- IT Support
- Web Development
- Tester","- เบี้ยเลี้ยง
- อาหารกลางวัน
- fitness",,R V Connect
บริษัท เอส ซี เอ็ม เทคโนโลจีส์ จำกัด (สำนักงานใหญ่),S C M TECHNOLOGIES COMPANY LIMITED,92/54-55 อาคารสาธรธานี 2 ชั้น 19 ถนนสาทรเหนือ แขวงสีลม เขตบางรัก กรุงเทพมหานคร 10500,,Network,เอกชน,นอก MOU,คุณสุตตพล พุฒขาว,02-116-4312 ต่อ 115,svttapol@scmtechnologies.co.th,,,https://scmtechnologies.co.th/,,,,SCM
บริษัท ซิกม่า อินเตอร์ กรุ๊ป จำกัด ,SIGMA INTERGROUP COMPANY LIMITED,57 ซอยเฉลิมพระเกียรติ ร.9 ซอย 53 แขวงประเวศ เขตประเวศ กรุงเทพมหานคร 10250,,both,เอกชน,นอก MOU,ผู้ช่วยผู้จัดการบริษัท,02-010-6990,,,,,HelpDesk หรือ IT Support,เบี้ยเลี้ยง,,Sigma
สถาบันเทคโนโลยีนานาชาติสิรินธร มหาวิทยาลัยธรรมศาสตร์ รังสิต,Sirindhorn International Institute of Technology Thammasat University,99 หมู่ที่ 18 กม. 41 บนทางหลวงพหลโยธิน คลองหลวง ปทุมธานี 12120,,dont know,รัฐบาล,นอก MOU,,,,https://www.facebook.com/siittu,,https://www.siit.tu.ac.th/,,,,SIIT
สำนักงานสาธารณสุขจังหวัดสิงห์บุรี,Singburi Provincial Health Office,44 ม.4 ต.ต้นโพธิ์ อ.เมือง จ.สิงห์บุรี 16000,,dont know,รัฐบาล,นอก MOU,นายแพทย์สาธารณสุขจังหวัดสิงห์บุรี ,036-813-493,singmoph@hotmail.com,https://www.facebook.com/p/%E0%B8%AA%E0%B8%B3%E0%B8%99%E0%B8%B1%E0%B8%81%E0%B8%87%E0%B8%B2%E0%B8%99%E0%B8%AA%E0%B8%B2%E0%B8%98%E0%B8%B2%E0%B8%A3%E0%B8%93%E0%B8%AA%E0%B8%B8%E0%B8%82%E0%B8%88%E0%B8%B1%E0%B8%87%E0%B8%AB%E0%B8%A7%E0%B8%B1%E0%B8%94%E0%B8%AA%E0%B8%B4%E0%B8%87%E0%B8%AB%E0%B9%8C%E0%B8%9A%E0%B8%B8%E0%B8%A3%E0%B8%B5-100064903893533/?locale=th_TH,,https://sbo.moph.go.th/sbo/index.php,,,,Singburi
บริษัท เอสเค เพาเวอร์ อิเล็คทริค จำกัด,SK POWER ELECTRIC COMPANY LIMITED,50/191 หมู่ 6  ต.บ้านใหม่ อ.ปากเกร็ด จ.นนทบุรี 11120,,Network,เอกชน,,,,,https://www.facebook.com/SKPowerElectric/,,https://www.skpowerelectric.co.th/,,,,SK
บริษัทสกาย ไอซีที จำกัด (มหาชน),SKY ICT Public Company Limited,เลขที่ 55 อาคาร เอ.เอ.แคปปิตอล รัชดา ชั้น 5-7 ถนนรัชดาภิเษก แขวงดินแดง เขตดินแดง กรุงเทพมหานคร 10400,,database,เอกชน,,,,,https://www.facebook.com/skyictthailand/?locale=th_TH,,https://www.skyict.co.th/,,,,SKY
บริษัท สมาร์ทเทอร์แวร์ จำกัด (สำนักงานใหญ่),SMARTERWARE COMPANY LIMITED,99/1 อาคารซอฟต์แวร์ปาร์ค ชั้น 35 หมู่ที่ 4 ถนนแจ้งวัฒนะ ตำบลคลองเกลือ อำเภอปากเกร็ด จ.นนทบุรี 11120,,database,เอกชน,,,02-502-6000,,,,https://www.smarterware.co.th/,,,,Smart
บริษัท ซอฟต์อินเตอร์เชียงราย จำกัด,"SOFTINTER CHIANGRAI CO.,LTD.",68/1 หมู่ที่ 2 ตำบลท่าสุด อำเภอเมืองเชียงราย จ.เชียงราย 57100,,database,เอกชน,,,081-770-2033 ,nittaya_p@softsquaregroup.com,https://www.facebook.com/p/SoftInter-ChiangRai-CoLtd-100084508463181/,,https://www.softinterchiangrai.com/,,,,Softinter
บริษัท ซอฟต์สแควร์ อินเตอร์เนชั่นแนล จำกัด,"SOFT SQUARE INTERNATIONAL CO., LTD.",51/599 หมู่บ้านเมืองเอก หมู่ที่ 7 ถนนพหลโยธิน ตำบลหลักหก อำเภอเมืองปทุมธานี จ.ปทุมธานี 12000,,database,เอกชน,MOU,ฝ่ายบุคคล,081-184-8499,hrsoftsquare@gmail.com,https://liff.line.me/1645278921-kWRPP32q/?accountId=562vupab,,https://www.softsquaregroup.com/,,,,Soft Square
บริษัท ซอฟต์สแคว์ 1999 จำกัด,"SOFT SQUARE 1999 CO.,LTD.",51/599 หมู่ที่ 7 ตำบลหลักหก อำเภอเมืองปทุมธานี จ.ปทุมธานี 12000,,database,เอกชน,,,02-997-2000,,,,,,,,Softsquare
บริษัท ไพรม์ซอฟต์ อินเตอร์เนชันแนล จำกัด,PRIMESOFT INTERNATIONAL COMPANY LIMITED,51/599 หมู่บ้านเมืองเอก หมู่ที่ 7 ถนนพหลโยธิน ตำบลหลักหก อำเภอเมืองปทุมธานี จ.ปทุมธานี 12000,,database,เอกชน,,,02-997-2000,,,,,,,,Softsquare
บริษัท เอ็กซ์เซเลอร์ จำกัด,EXALER COMPANY LIMITED,51/599 หมู่บ้านเมืองเอก หมู่ที่ 7 ถนนพหลโยธิน ตำบลหลักหก อำเภอเมืองปทุมธานี จ.ปทุมธานี 12000,,database,เอกชน,,,02-997-2000,,,,,,,,Softsquare
บริษัท ซอฟต์แวร์ แอนด์ สเกล เอ็นจิเนียริ่ง จำกัด,SOFWARE AND SCALE ENGINEERING COMPANY LIMITED,49/61 หมู่บ้าน ฉัตรหลวง 13 หมู่ที่ 4 ตำบลสามโคก อำเภอสามโคก จ.ปทุมธานี 12160,,database,เอกชน,นอก MOU,คุณชัยวัฒน์ ชำนาญการ,085-260-9248,,https://line.me/ti/p/~softwareandscale,,https://softwareandscale.co.th/,,,,Software & Scale
สำนักคอมพิวเตอร์ มหาวิทยาลัยสุโขทัยธรรมาธิราช,office of Computer Service of Sukhothai Thammathirat (OCS STOU), 9/9 หมู่ที่ 9 ตำบลบางพูด อำเภอปากเกร็ด จังหวัดนนทบุรี 11120,,both,รัฐบาล,,,02-504-7406-7,,https://www.facebook.com/ocs.stou.ac.th/,,https://ocs.stou.ac.th/,,,,STOU
บริษัท สตรีม ไอ.ที. คอนซัลติ้ง จำกัด,"STREAM I.T. CONSULTING CO., LTD.",11 อาคารคิวเฮ้าส์ สาธร ชั้น 7 ถนนสาทรใต้ แขวงทุ่งมหาเมฆ เขตสาทร กรุงเทพมหานคร 10120,,database,เอกชน,MOU,,02-679-2233,stream.people@stream.co.th,https://www.facebook.com/Streamitconsulting/?locale=th_TH,,https://www.stream.co.th/th/home/,"- Front End Developer
- Back End Developer
- Tester",,,stream IT
บริษัท ซินเน็ค (ประเทศไทย) จำกัด (มหาชน),SYNNEX (THAILAND) PUBLIC COMPANY LIMITED,433 ถนนสุคนธสวัสดิ์ แขวงลาดพร้าว เขตลาดพร้าว กรุงเทพมหานคร 10230,,Network,เอกชน,,,02-553-8899,,https://www.facebook.com/Synnexthailand/?locale=th_TH,,https://www.synnex.co.th/Th/Components/Main/Home,,,,Synnex
บริษัท ธาส เอ็นจิเนียริ่ง บิส จำกัด,TAS ENGINEERING BIZ COMPANY LIMITED,4/47 หมู่ที่ 3 ตำบลคลองหนึ่ง อำเภอคลองหลวง จ.ปทุมธานี,,Network,เอกชน,MOU,,,,,ID LINE:0816461992,https://www.tas-engbiz.com/,,,,TAS
บริษัท เทเลอินโฟ มีเดีย จำกัด (มหาชน),TELEINFO MEDIA PUBLIC COMPANY LIMITED,"เลขที่ 1126/2 อาคารวานิช 2 ชั้น 28 ห้อง 2803, 2804 ถนนเพชรบุรีตัดใหม่ แขวงมักกะสัน เขตราชเทวี กรุงเทพมหานคร 10400",,Network,เอกชน,นอก MOU,ฝ่ายบุคคล,085-4883129(HR),sucharto@ais.co.th,,,https://www.teleinfomedia.co.th/,,,,Teleinfo
บริษัท ไปรษณีย์ไทย จำกัด,THAILAND POST COMPANY LIMITED,111 ถนนแจ้งวัฒนะ แขวงทุ่งสองห้อง เขตหลักสี่ กรุงเทพมหานคร 10210,,both,รัฐวิสาหกิจ,นอก MOU,,02-831-3220,,https://www.facebook.com/thailandpost.co.th/?locale=th_TH,,https://www.thailandpost.co.th/th/index/,,,,thailand post
สถาบันเทคโนโลยีนิวเคลียร์แห่งชาติ(องค์การมหาชน),Thailand Institute of Nuclear Technology (Public Organization),9/9 หมู่ที่ 7 ตำบลทรายมูล อำเภอองครักษ์ จังหวัดนครนายก 26120,,dont know,รัฐบาล,นอก MOU,ผู้อำนวยการสถาบันเทคโนโลยีนิวเคลียร์แห่งชาติ,,,https://www.facebook.com/thai.nuclear/?locale=th_TH,,https://www.tint.or.th/th,,,,TINT
สถาบันนวัตกรรม ทีโอที บริษัท ทีโอที จำกัด(มหาชน),TOT Innovation Institute,65 ถ.ปทุมสัมพันธ์  ต.บางปรอก อ.เมือง จ.ปทุมธานี 12000,,Network,รัฐวิสาหกิจ,นอก MOU,ผู้จัดส่วนส่งเสริมนวัตกรรม,02-581-6662,,,,https://www.tot.co.th/,,,,TOT
บริษัท ทรีนิตี้ อิเลคโทรนิค จํากัด,TRINITY ELECTRONICS (THAILAND) COMPANY LIMITED,75/66 หมู่ 11 ถนนพหลโยธิน ตำบลคลองหนึ่ง อำเภอคลองหลวง จ.ปทุมธานี,,dont know,เอกชน,,ผู้จัดการโรงงาน,096-958-6989,sales@trinityeletronics.co.th,,Line: @pcbassembly,http://www.trinityelectronics.co.th/,,,,Trinity
บริษัท ยูนิโปร แมนูแฟคเจอริ่ง จำกัด,"UNIPRO MANUFACTURING CO., LTD.",300/2-3 ถนนนวมินทร์ แขวงนวมินทร์ เขตบึงกุ่ม กรุงเทพมหานคร 10240,,dont know,เอกชน,นอก MOU,,038-564882-86 ต่อ 227 (ฝ่ายทรัพยากรมนษุย์),,,,,,,,Unipro
บริษัท ศูนย์ส่งเสริมทักษะทางวิชาการญาณวิทย์ จำกัด,YANAWIT PROMOTION ACADEMIC SKILLS CENTER COMPANY LIMITED,8 ซอยนาวงประชาพัฒนา 3 ถนนนาวงประชาพัฒนา แขวงสีกัน เขตดอนเมือง กรุงเทพมหานคร,,dont know,เอกชน,,,,,https://www.facebook.com/Upskillscenter/?locale=ko_KR,,,,,,Up skill
บริษัท ยู ซ่าแวร์ พลัส จำกัด,"U SAWARE Co., Ltd.",65/177 หมู่ที่ 4 ตำบลบึงคำพร้อย อำเภอลำลูกกา จ.ปทุมธานี 12150,,dont know,เอกชน,นอก MOU,ผู้จัดการบริษัท,,Lapadrada@usaware.net ,https://www.facebook.com/p/U-Saware-100054633241499/?locale=th_TH,,https://usaware.net/th/,,,,UWARE
บริษัท วี บิลด์ แอนด์ โอเปอร์เรต จำกัด ,WE BUILD & OPERATE COMPANY LIMITED,19/1-2 ชั้น 8 ซอยยาสูบ 1 ถนนวิภาวดีรังสิต แขวงจอมพล เขตจตุจักร กรุงเทพมหานคร 10900,,database,เอกชน,,ผู้จัดการบริษัท,02-272-2575,hr@webuild.co.th,https://www.facebook.com/WeBuildAndOperate/,,https://webuild.co.th/#/,"- Developer
- UI Designer",,,WE Build
บริษัท สยาม ไวเนอรี่ เทรดดิ้งพลัส,TRADING PLUS COMPANY LIMITED,174/1-4 ซอยวิภาวดีรังสิต 78 แขวงสนามบิน เขตดอนเมือง กรุงเทพมหานคร 10210,,both,เอกชน,,,,hr@siamwinery.com,https://www.facebook.com/siamwinery/,,https://www.siamwinery.com/th,,,,wine
บริษัท เว็ลธ์ แมเนจเม้นท์ ซิสเท็ม จำกัด,"WEALTH MANAGEMENT SYSTEM CO., LTD.",อาคารชินพงศ์ เลขที่ 383 ชั้น 6 ถนนลาดหญ้า แขวงสมเด็๋จเจ้าพระยา เขตคลองสาน กรุงเทพมหานคร 10600,,database,เอกชน,,,02-861-4820,,https://www.facebook.com/Wealth.Management.System/?locale=th_TH,,https://www.wealth.co.th/th/,- Tester,,,WMSL